,location,price,beds
0,austin-tx,2549,1
1,austin-tx,2025,1
2,austin-tx,1785,1
3,austin-tx,1595,1
4,austin-tx,1600,2
5,austin-tx,1600,2
6,austin-tx,1390,1
7,austin-tx,1120,2
8,austin-tx,1019,1
9,austin-tx,2385,1
10,austin-tx,2519,1
11,austin-tx,2128,1
12,austin-tx,2718,1
13,austin-tx,2272,1
14,austin-tx,1591,1
15,austin-tx,1561,1
16,austin-tx,1716,1
17,austin-tx,1550,1
18,austin-tx,1428,1
19,austin-tx,2861,1
20,austin-tx,1377,1
21,austin-tx,1043,1
22,austin-tx,1220,1
23,austin-tx,1385,1
24,austin-tx,925,1
25,austin-tx,1535,1
26,austin-tx,1039,1
27,austin-tx,1119,1
28,austin-tx,770,2
29,austin-tx,1039,1
30,austin-tx,919,2
31,austin-tx,985,1
32,austin-tx,799,2
33,austin-tx,770,2
34,austin-tx,588,1
35,austin-tx,989,2
36,austin-tx,590,1
37,austin-tx,593,2
38,austin-tx,538,1
39,austin-tx,505,1
40,austin-tx,475,1
41,austin-tx,1490,1
42,austin-tx,1474,1
43,austin-tx,1311,1
44,austin-tx,1670,1
45,austin-tx,1737,1
46,austin-tx,1436,1
47,austin-tx,2308,1
48,austin-tx,1926,1
49,austin-tx,1996,1
50,austin-tx,1606,1
51,austin-tx,1759,1
52,austin-tx,2203,1
53,austin-tx,2509,1
54,austin-tx,2036,1
55,austin-tx,1899,1
56,austin-tx,1397,1
57,austin-tx,1649,1
58,austin-tx,1326,1
59,austin-tx,1007,1
60,austin-tx,649,2
61,austin-tx,1204,1
62,austin-tx,1194,1
63,austin-tx,848,2
64,austin-tx,919,1
65,austin-tx,1806,1
66,austin-tx,1800,1
67,austin-tx,1450,2
68,austin-tx,1100,1
69,austin-tx,915,1
70,austin-tx,809,1
71,austin-tx,1465,1
72,austin-tx,1800,1
73,austin-tx,2605,1
74,austin-tx,1455,1
75,austin-tx,2690,1
76,austin-tx,2313,1
77,austin-tx,1312,1
78,austin-tx,1961,1
79,austin-tx,2103,1
80,austin-tx,2505,1
81,austin-tx,1450,2
82,austin-tx,1380,1
83,austin-tx,1704,1
84,austin-tx,1189,1
85,austin-tx,1839,1
86,austin-tx,1180,1
87,austin-tx,2635,1
88,austin-tx,2000,1
89,austin-tx,1209,1
90,austin-tx,1540,1
91,austin-tx,1675,2
92,austin-tx,1175,1
93,austin-tx,2175,2
94,austin-tx,2210,1
95,austin-tx,1425,1
96,austin-tx,1219,1
97,austin-tx,1420,2
98,austin-tx,1379,1
99,austin-tx,1125,1
100,austin-tx,1270,1
101,austin-tx,1100,1
102,austin-tx,1510,1
103,austin-tx,1079,1
104,austin-tx,1425,1
105,austin-tx,1300,1
106,austin-tx,1099,1
107,austin-tx,1140,2
108,austin-tx,1095,1
109,austin-tx,1385,1
110,austin-tx,920,2
111,austin-tx,1079,1
112,austin-tx,779,1
113,austin-tx,1304,1
114,austin-tx,1363,1
115,austin-tx,1209,1
116,austin-tx,1035,1
117,austin-tx,1849,1
118,austin-tx,2700,3
119,austin-tx,2550,1
120,austin-tx,2950,3
121,austin-tx,2295,1
122,austin-tx,2299,1
123,austin-tx,1600,1
124,austin-tx,1825,1
125,austin-tx,1785,1
126,austin-tx,1924,1
127,austin-tx,1716,1
128,austin-tx,1887,2
129,austin-tx,1505,1
130,austin-tx,1600,1
131,austin-tx,1915,1
132,austin-tx,1665,1
133,austin-tx,1936,1
134,austin-tx,1865,1
135,austin-tx,1904,1
136,austin-tx,1887,1
137,austin-tx,1921,1
138,austin-tx,1840,1
139,austin-tx,1700,1
140,austin-tx,1854,1
141,austin-tx,1860,1
142,austin-tx,1745,1
143,austin-tx,1744,1
144,austin-tx,2400,2
145,austin-tx,1050,5
146,austin-tx,1100,2
147,austin-tx,1275,2
148,austin-tx,800,4
149,austin-tx,875,4
150,austin-tx,1000,4
151,austin-tx,1754,1
152,austin-tx,1721,1
153,austin-tx,1817,1
154,austin-tx,1872,1
155,austin-tx,1593,1
156,austin-tx,1593,1
157,austin-tx,1561,1
158,austin-tx,1490,1
159,austin-tx,1923,1
160,austin-tx,1748,1
161,austin-tx,1744,1
162,saint-louis-mo,2150,1
163,saint-louis-mo,1399,1
164,saint-louis-mo,1300,1
165,saint-louis-mo,810,1
166,saint-louis-mo,985,1
167,saint-louis-mo,1674,1
168,saint-louis-mo,1851,1
169,saint-louis-mo,1600,1
170,saint-louis-mo,2150,1
171,saint-louis-mo,1710,1
172,saint-louis-mo,1851,1
173,saint-louis-mo,2075,1
174,saint-louis-mo,1300,2
175,saint-louis-mo,1275,1
176,saint-louis-mo,5000,3
177,saint-louis-mo,1305,1
178,saint-louis-mo,1525,1
179,saint-louis-mo,1386,1
180,saint-louis-mo,1304,1
181,saint-louis-mo,924,1
182,saint-louis-mo,1415,1
183,saint-louis-mo,2340,2
184,saint-louis-mo,1062,1
185,saint-louis-mo,1500,1
186,saint-louis-mo,1080,1
187,saint-louis-mo,1425,3
188,saint-louis-mo,803,1
189,saint-louis-mo,950,1
190,saint-louis-mo,925,1
191,saint-louis-mo,1095,1
192,saint-louis-mo,840,1
193,saint-louis-mo,1137,1
194,saint-louis-mo,790,1
195,saint-louis-mo,850,1
196,saint-louis-mo,925,1
197,saint-louis-mo,515,1
198,saint-louis-mo,639,1
199,saint-louis-mo,710,1
200,saint-louis-mo,1385,1
201,saint-louis-mo,920,1
202,saint-louis-mo,1074,1
203,saint-louis-mo,1370,1
204,saint-louis-mo,1060,1
205,saint-louis-mo,1055,1
206,saint-louis-mo,1375,1
207,saint-louis-mo,1050,1
208,saint-louis-mo,725,1
209,saint-louis-mo,950,1
210,saint-louis-mo,630,1
211,saint-louis-mo,1799,1
212,saint-louis-mo,1375,2
213,saint-louis-mo,1325,1
214,saint-louis-mo,1500,2
215,saint-louis-mo,3000,1
216,saint-louis-mo,1332,1
217,saint-louis-mo,1625,2
218,saint-louis-mo,1294,1
219,saint-louis-mo,1000,1
220,saint-louis-mo,690,1
221,saint-louis-mo,925,3
222,saint-louis-mo,655,1
223,saint-louis-mo,778,1
224,saint-louis-mo,750,1
225,saint-louis-mo,849,2
226,saint-louis-mo,809,2
227,saint-louis-mo,657,1
228,saint-louis-mo,620,1
229,saint-louis-mo,650,1
230,saint-louis-mo,800,1
231,saint-louis-mo,803,1
232,saint-louis-mo,700,1
233,saint-louis-mo,660,1
234,saint-louis-mo,610,1
235,saint-louis-mo,749,1
236,saint-louis-mo,565,1
237,saint-louis-mo,685,1
238,saint-louis-mo,700,1
239,saint-louis-mo,600,1
240,saint-louis-mo,1900,2
241,saint-louis-mo,1815,1
242,saint-louis-mo,1799,1
243,saint-louis-mo,1932,1
244,minneapolis-mn,1590,1
245,minneapolis-mn,1420,1
246,minneapolis-mn,1360,1
247,minneapolis-mn,1292,1
248,minneapolis-mn,1525,1
249,minneapolis-mn,1515,1
250,minneapolis-mn,1060,1
251,minneapolis-mn,1307,1
252,minneapolis-mn,1075,1
253,minneapolis-mn,993,1
254,minneapolis-mn,1000,1
255,minneapolis-mn,1395,1
256,minneapolis-mn,1375,1
257,minneapolis-mn,1116,1
258,minneapolis-mn,1205,1
259,minneapolis-mn,1265,1
260,minneapolis-mn,1808,1
261,minneapolis-mn,1800,1
262,minneapolis-mn,1695,1
263,minneapolis-mn,1870,1
264,minneapolis-mn,1285,1
265,minneapolis-mn,1580,1
266,minneapolis-mn,1421,1
267,minneapolis-mn,1512,1
268,minneapolis-mn,1432,1
269,minneapolis-mn,1479,1
270,minneapolis-mn,1373,1
271,minneapolis-mn,1315,1
272,minneapolis-mn,1550,1
273,minneapolis-mn,1995,2
274,minneapolis-mn,1295,1
275,minneapolis-mn,1526,1
276,minneapolis-mn,1330,1
277,minneapolis-mn,1395,1
278,minneapolis-mn,1223,1
279,minneapolis-mn,1495,1
280,minneapolis-mn,1126,1
281,minneapolis-mn,1270,1
282,minneapolis-mn,1450,1
283,minneapolis-mn,1000,1
284,minneapolis-mn,1205,1
285,minneapolis-mn,1189,1
286,minneapolis-mn,1347,1
287,minneapolis-mn,1520,1
288,minneapolis-mn,949,1
289,minneapolis-mn,1230,1
290,minneapolis-mn,1200,2
291,minneapolis-mn,1050,1
292,minneapolis-mn,1250,1
293,minneapolis-mn,825,2
294,minneapolis-mn,1007,1
295,minneapolis-mn,949,1
296,minneapolis-mn,1165,1
297,minneapolis-mn,800,1
298,minneapolis-mn,1105,1
299,minneapolis-mn,880,1
300,minneapolis-mn,850,1
301,minneapolis-mn,1025,1
302,minneapolis-mn,699,1
303,minneapolis-mn,1331,1
304,minneapolis-mn,1210,1
305,minneapolis-mn,950,1
306,minneapolis-mn,629,1
307,minneapolis-mn,700,1
308,minneapolis-mn,1700,1
309,minneapolis-mn,1089,1
310,minneapolis-mn,1112,1
311,minneapolis-mn,1127,1
312,minneapolis-mn,1339,1
313,minneapolis-mn,1195,1
314,minneapolis-mn,1195,1
315,minneapolis-mn,1360,1
316,minneapolis-mn,2099,2
317,minneapolis-mn,1075,1
318,minneapolis-mn,1115,1
319,minneapolis-mn,2195,3
320,minneapolis-mn,1355,1
321,minneapolis-mn,1269,1
322,minneapolis-mn,1370,1
323,minneapolis-mn,1250,1
324,minneapolis-mn,1799,2
325,minneapolis-mn,1507,1
326,minneapolis-mn,1140,1
327,minneapolis-mn,1170,1
328,minneapolis-mn,1346,1
329,minneapolis-mn,1320,1
330,minneapolis-mn,1035,1
331,minneapolis-mn,1125,1
332,minneapolis-mn,1029,1
333,minneapolis-mn,871,1
334,minneapolis-mn,2085,3
335,minneapolis-mn,785,1
336,minneapolis-mn,879,1
337,minneapolis-mn,730,1
338,minneapolis-mn,735,1
339,minneapolis-mn,555,2
340,minneapolis-mn,1588,1
341,minneapolis-mn,1344,1
342,minneapolis-mn,1095,1
343,minneapolis-mn,2100,2
344,minneapolis-mn,1339,1
345,minneapolis-mn,1250,1
346,minneapolis-mn,1430,1
347,minneapolis-mn,1070,1
348,minneapolis-mn,1195,1
349,minneapolis-mn,1480,1
350,minneapolis-mn,960,1
351,minneapolis-mn,1275,2
352,minneapolis-mn,1100,1
353,minneapolis-mn,1035,1
354,minneapolis-mn,875,1
355,minneapolis-mn,950,1
356,minneapolis-mn,1245,1
357,minneapolis-mn,995,1
358,minneapolis-mn,540,2
359,minneapolis-mn,1095,1
360,minneapolis-mn,900,1
361,minneapolis-mn,845,1
362,minneapolis-mn,799,1
363,minneapolis-mn,1319,2
364,minneapolis-mn,1289,2
365,minneapolis-mn,1357,1
366,minneapolis-mn,999,1
367,minneapolis-mn,830,1
368,minneapolis-mn,1645,1
369,minneapolis-mn,1245,1
370,minneapolis-mn,1480,1
371,minneapolis-mn,1090,1
372,minneapolis-mn,1711,1
373,minneapolis-mn,1175,1
374,minneapolis-mn,1250,1
375,minneapolis-mn,1375,1
376,minneapolis-mn,1125,1
377,minneapolis-mn,800,1
378,minneapolis-mn,875,1
379,minneapolis-mn,1200,1
380,minneapolis-mn,1291,1
381,minneapolis-mn,1185,1
382,minneapolis-mn,995,1
383,minneapolis-mn,1325,1
384,minneapolis-mn,1335,2
385,minneapolis-mn,925,1
386,minneapolis-mn,1155,1
387,minneapolis-mn,899,1
388,minneapolis-mn,900,1
389,minneapolis-mn,1300,1
390,minneapolis-mn,975,1
391,minneapolis-mn,975,1
392,minneapolis-mn,795,1
393,minneapolis-mn,795,1
394,minneapolis-mn,1185,1
395,minneapolis-mn,900,1
396,minneapolis-mn,850,1
397,minneapolis-mn,800,1
398,minneapolis-mn,950,1
399,minneapolis-mn,795,1
400,minneapolis-mn,975,1
401,minneapolis-mn,995,1
402,minneapolis-mn,795,1
403,minneapolis-mn,995,1
404,minneapolis-mn,850,1
405,minneapolis-mn,740,1
406,minneapolis-mn,745,1
407,minneapolis-mn,830,1
408,minneapolis-mn,800,1
409,minneapolis-mn,825,1
410,minneapolis-mn,1145,1
411,minneapolis-mn,990,1
412,minneapolis-mn,725,1
413,minneapolis-mn,700,1
414,minneapolis-mn,1600,1
415,minneapolis-mn,1250,1
416,minneapolis-mn,1264,2
417,minneapolis-mn,1140,2
418,minneapolis-mn,920,1
419,minneapolis-mn,695,4
420,minneapolis-mn,890,1
421,minneapolis-mn,800,1
422,minneapolis-mn,1650,1
423,minneapolis-mn,1290,2
424,minneapolis-mn,2500,4
425,minneapolis-mn,3600,5
426,minneapolis-mn,2800,5
427,minneapolis-mn,2490,6
428,minneapolis-mn,2250,5
429,tampa-fl,1600,2
430,tampa-fl,1874,1
431,tampa-fl,1730,1
432,tampa-fl,1650,2
433,tampa-fl,2057,1
434,tampa-fl,1960,1
435,tampa-fl,2212,1
436,tampa-fl,3058,2
437,tampa-fl,2205,1
438,tampa-fl,1811,1
439,tampa-fl,2238,1
440,tampa-fl,2360,1
441,tampa-fl,2015,1
442,tampa-fl,1687,1
443,tampa-fl,1965,1
444,tampa-fl,1995,2
445,tampa-fl,2073,1
446,tampa-fl,1925,1
447,tampa-fl,2035,1
448,tampa-fl,2114,1
449,tampa-fl,1335,1
450,tampa-fl,2144,1
451,tampa-fl,1487,1
452,tampa-fl,1537,1
453,tampa-fl,1795,1
454,tampa-fl,1650,2
455,tampa-fl,1225,1
456,tampa-fl,1035,4
457,tampa-fl,649,3
458,tampa-fl,865,1
459,tampa-fl,919,1
460,tampa-fl,849,3
461,tampa-fl,1514,1
462,tampa-fl,1339,1
463,tampa-fl,1079,1
464,tampa-fl,835,1
465,tampa-fl,1689,1
466,tampa-fl,1733,1
467,tampa-fl,1365,1
468,tampa-fl,1890,1
469,tampa-fl,2084,1
470,tampa-fl,1897,1
471,tampa-fl,1540,2
472,tampa-fl,1363,1
473,tampa-fl,1541,1
474,tampa-fl,1537,1
475,tampa-fl,800,3
476,tampa-fl,815,4
477,tampa-fl,1323,1
478,tampa-fl,1210,1
479,tampa-fl,1153,1
480,tampa-fl,1625,2
481,tampa-fl,1882,1
482,tampa-fl,1950,1
483,tampa-fl,1681,1
484,tampa-fl,1025,1
485,tampa-fl,1358,1
486,tampa-fl,1275,2
487,tampa-fl,1050,1
488,tampa-fl,795,3
489,tampa-fl,949,5
490,tampa-fl,1299,1
491,tampa-fl,2082,1
492,tampa-fl,1027,1
493,tampa-fl,687,1
494,tampa-fl,1150,1
495,tampa-fl,1230,3
496,tampa-fl,1185,1
497,tampa-fl,981,1
498,tampa-fl,1230,1
499,tampa-fl,699,2
500,tampa-fl,889,1
501,tampa-fl,875,1
502,tampa-fl,1075,1
503,tampa-fl,595,1
504,tampa-fl,805,1
505,tampa-fl,1075,1
506,tampa-fl,769,1
507,tampa-fl,1975,2
508,tampa-fl,2575,2
509,tampa-fl,1924,1
510,new-york-ny,5435,1
511,new-york-ny,2900,1
512,new-york-ny,4150,1
513,new-york-ny,7250,1
514,new-york-ny,4217,1
515,new-york-ny,5928,1
516,new-york-ny,4605,1
517,new-york-ny,8443,3
518,new-york-ny,5750,1
519,new-york-ny,6825,1
520,new-york-ny,3900,1
521,new-york-ny,3300,1
522,new-york-ny,3395,1
523,new-york-ny,3595,4
524,new-york-ny,3204,1
525,new-york-ny,2961,1
526,new-york-ny,3881,1
527,new-york-ny,3689,1
528,new-york-ny,3711,1
529,new-york-ny,3003,1
530,new-york-ny,3730,1
531,new-york-ny,4705,1
532,new-york-ny,3900,1
533,new-york-ny,3695,1
534,new-york-ny,4850,1
535,new-york-ny,3857,1
536,new-york-ny,7350,1
537,new-york-ny,2700,1
538,new-york-ny,3395,1
539,new-york-ny,3061,1
540,new-york-ny,4125,1
541,new-york-ny,3695,1
542,new-york-ny,7000,1
543,new-york-ny,4335,1
544,new-york-ny,4050,1
545,new-york-ny,2400,1
546,new-york-ny,1308,1
547,new-york-ny,12000,2
548,new-york-ny,6525,2
549,new-york-ny,4450,1
550,new-york-ny,6450,2
551,new-york-ny,4220,1
552,new-york-ny,5025,1
553,new-york-ny,5300,1
554,new-york-ny,4013,1
555,new-york-ny,4295,2
556,new-york-ny,2700,2
557,new-york-ny,2200,1
558,new-york-ny,2180,1
559,new-york-ny,4747,1
560,new-york-ny,8010,1
561,new-york-ny,4000,1
562,new-york-ny,8000,1
563,new-york-ny,2700,2
564,new-york-ny,3650,2
565,new-york-ny,50000,6
566,new-york-ny,75000,3
567,new-york-ny,7000,3
568,new-york-ny,2595,1
569,new-york-ny,3000,3
570,new-york-ny,2050,1
571,new-york-ny,3950,4
572,new-york-ny,2300,2
573,new-york-ny,3375,2
574,new-york-ny,5999,1
575,new-york-ny,3050,1
576,new-york-ny,2950,1
577,new-york-ny,3100,1
578,new-york-ny,8000,4
579,new-york-ny,3800,2
580,new-york-ny,6875,3
581,new-york-ny,2995,3
582,new-york-ny,3375,2
583,new-york-ny,3600,1
584,new-york-ny,9500,2
585,new-york-ny,4495,1
586,new-york-ny,5300,3
587,new-york-ny,3600,3
588,new-york-ny,8000,4
589,new-york-ny,4200,1
590,new-york-ny,3400,1
591,new-york-ny,8600,3
592,new-york-ny,3995,1
593,new-york-ny,7495,1
594,new-york-ny,4000,2
595,new-york-ny,2150,1
596,new-york-ny,1995,1
597,new-york-ny,4295,1
598,new-york-ny,4800,2
599,new-york-ny,2695,1
600,new-york-ny,6000,1
601,new-york-ny,5895,2
602,new-york-ny,5595,3
603,new-york-ny,3995,2
604,new-york-ny,3995,1
605,new-york-ny,5900,2
606,new-york-ny,3750,1
607,new-york-ny,4800,1
608,new-york-ny,7180,1
609,new-york-ny,5380,1
610,new-york-ny,52000,5
611,new-york-ny,2248,1
612,new-york-ny,67708,1
613,new-york-ny,3295,1
614,new-york-ny,4150,1
615,new-york-ny,4350,3
616,new-york-ny,3295,1
617,new-york-ny,8350,1
618,new-york-ny,5000,4
619,new-york-ny,75000,6
620,new-york-ny,85000,8
621,new-york-ny,70000,4
622,new-york-ny,2999,4
623,new-york-ny,2199,2
624,new-york-ny,2375,3
625,new-york-ny,2900,1
626,new-york-ny,3400,4
627,new-york-ny,2550,1
628,new-york-ny,4300,3
629,new-york-ny,2150,1
630,new-york-ny,2195,1
631,new-york-ny,5250,4
632,new-york-ny,7700,5
633,new-york-ny,4250,3
634,new-york-ny,4600,3
635,new-york-ny,2800,2
636,new-york-ny,2150,1
637,new-york-ny,3495,3
638,new-york-ny,4995,1
639,new-york-ny,4000,2
640,new-york-ny,4700,2
641,new-york-ny,3600,2
642,new-york-ny,4795,2
643,new-york-ny,4500,2
644,new-york-ny,3495,3
645,new-york-ny,2250,1
646,new-york-ny,3000,1
647,new-york-ny,2425,2
648,new-york-ny,3550,2
649,new-york-ny,5000,4
650,new-york-ny,5500,4
651,new-york-ny,4300,3
652,new-york-ny,2800,2
653,austin-tx,7938,3
654,austin-tx,13235,3
655,austin-tx,2565,2
656,austin-tx,2303,2
657,austin-tx,2175,3
658,austin-tx,2175,4
659,austin-tx,5146,3
660,austin-tx,1709,5
661,austin-tx,2535,2
662,austin-tx,6034,2
663,austin-tx,5685,2
664,austin-tx,5101,3
665,austin-tx,7789,2
666,austin-tx,6499,2
667,austin-tx,3125,3
668,austin-tx,3885,3
669,austin-tx,2285,2
670,austin-tx,5931,3
671,austin-tx,6984,3
672,austin-tx,2830,3
673,austin-tx,2935,2
674,austin-tx,1821,2
675,austin-tx,7189,3
676,austin-tx,1635,4
677,austin-tx,3210,2
678,austin-tx,6313,2
679,austin-tx,1859,3
680,austin-tx,1385,5
681,austin-tx,5110,2
682,austin-tx,1299,5
683,austin-tx,1560,3
684,austin-tx,1839,6
685,austin-tx,1311,5
686,austin-tx,1585,4
687,austin-tx,1450,5
688,austin-tx,1660,4
689,austin-tx,1400,3
690,austin-tx,1560,3
691,austin-tx,985,4
692,austin-tx,2875,3
693,austin-tx,2805,3
694,austin-tx,1989,2
695,austin-tx,3922,2
696,austin-tx,3147,2
697,austin-tx,2625,3
698,austin-tx,3799,2
699,austin-tx,3855,2
700,austin-tx,3241,2
701,austin-tx,2890,3
702,austin-tx,3289,2
703,austin-tx,3760,2
704,austin-tx,6141,2
705,austin-tx,4995,2
706,austin-tx,3008,2
707,austin-tx,4408,3
708,austin-tx,3099,3
709,austin-tx,2385,3
710,austin-tx,4861,2
711,austin-tx,1199,6
712,austin-tx,2093,2
713,austin-tx,1656,4
714,austin-tx,960,3
715,austin-tx,1669,2
716,austin-tx,4047,2
717,austin-tx,2039,4
718,austin-tx,2079,3
719,austin-tx,2502,3
720,austin-tx,3075,2
721,austin-tx,8681,2
722,austin-tx,4809,3
723,austin-tx,10824,3
724,austin-tx,4728,2
725,austin-tx,3365,2
726,austin-tx,3050,2
727,austin-tx,3571,2
728,austin-tx,19570,3
729,austin-tx,1600,3
730,austin-tx,2564,2
731,austin-tx,4125,3
732,austin-tx,1489,2
733,austin-tx,2707,2
734,austin-tx,1434,2
735,austin-tx,6637,2
736,austin-tx,5834,2
737,austin-tx,2486,3
738,austin-tx,2479,1
739,austin-tx,1555,4
740,austin-tx,4846,2
741,austin-tx,1749,2
742,austin-tx,2444,2
743,austin-tx,1530,2
744,austin-tx,2648,3
745,austin-tx,1955,3
746,austin-tx,2298,2
747,austin-tx,1529,2
748,austin-tx,1795,2
749,austin-tx,1999,3
750,austin-tx,12240,3
751,austin-tx,1298,3
752,austin-tx,1999,3
753,austin-tx,2432,2
754,austin-tx,2009,3
755,austin-tx,2114,3
756,austin-tx,1620,4
757,saint-louis-mo,3000,2
758,saint-louis-mo,3399,2
759,saint-louis-mo,4095,2
760,saint-louis-mo,1015,1
761,saint-louis-mo,1880,3
762,saint-louis-mo,5124,2
763,saint-louis-mo,2897,3
764,saint-louis-mo,5400,3
765,saint-louis-mo,4889,3
766,saint-louis-mo,3363,2
767,saint-louis-mo,2500,3
768,saint-louis-mo,2025,2
769,saint-louis-mo,2375,2
770,saint-louis-mo,2745,2
771,saint-louis-mo,3441,3
772,saint-louis-mo,1324,2
773,saint-louis-mo,2614,2
774,saint-louis-mo,2224,2
775,saint-louis-mo,4025,2
776,saint-louis-mo,2995,3
777,saint-louis-mo,1050,2
778,saint-louis-mo,2250,3
779,saint-louis-mo,1620,1
780,saint-louis-mo,3024,2
781,saint-louis-mo,1370,2
782,saint-louis-mo,1500,2
783,saint-louis-mo,1270,2
784,saint-louis-mo,640,2
785,saint-louis-mo,1319,4
786,saint-louis-mo,1220,3
787,saint-louis-mo,4280,3
788,saint-louis-mo,2440,2
789,saint-louis-mo,2329,2
790,saint-louis-mo,2475,2
791,saint-louis-mo,2105,2
792,saint-louis-mo,1900,2
793,saint-louis-mo,2015,2
794,saint-louis-mo,3910,4
795,saint-louis-mo,925,2
796,saint-louis-mo,1800,3
797,saint-louis-mo,1030,3
798,saint-louis-mo,4265,2
799,saint-louis-mo,2711,3
800,saint-louis-mo,2600,2
801,saint-louis-mo,3800,1
802,saint-louis-mo,2325,2
803,saint-louis-mo,2837,3
804,saint-louis-mo,1400,1
805,saint-louis-mo,2700,2
806,saint-louis-mo,760,2
807,saint-louis-mo,1115,2
808,saint-louis-mo,1100,2
809,saint-louis-mo,804,2
810,saint-louis-mo,1410,2
811,saint-louis-mo,850,2
812,saint-louis-mo,1700,2
813,saint-louis-mo,6745,5
814,saint-louis-mo,940,2
815,saint-louis-mo,782,2
816,saint-louis-mo,1025,2
817,saint-louis-mo,2399,4
818,saint-louis-mo,650,2
819,saint-louis-mo,910,2
820,saint-louis-mo,1799,3
821,saint-louis-mo,950,3
822,minneapolis-mn,4200,4
823,minneapolis-mn,3055,2
824,minneapolis-mn,12015,3
825,minneapolis-mn,10748,3
826,minneapolis-mn,2320,2
827,minneapolis-mn,2175,2
828,minneapolis-mn,3790,2
829,minneapolis-mn,6025,3
830,minneapolis-mn,2285,2
831,minneapolis-mn,2199,2
832,minneapolis-mn,1660,2
833,minneapolis-mn,1982,2
834,minneapolis-mn,6645,2
835,minneapolis-mn,2675,2
836,minneapolis-mn,2281,2
837,minneapolis-mn,2325,2
838,minneapolis-mn,4542,3
839,minneapolis-mn,9364,3
840,minneapolis-mn,3300,2
841,minneapolis-mn,3705,2
842,minneapolis-mn,3405,2
843,minneapolis-mn,7435,2
844,minneapolis-mn,2698,2
845,minneapolis-mn,9453,3
846,minneapolis-mn,2600,2
847,minneapolis-mn,3994,2
848,minneapolis-mn,6910,3
849,minneapolis-mn,4595,2
850,minneapolis-mn,3295,2
851,minneapolis-mn,3387,3
852,minneapolis-mn,4188,2
853,minneapolis-mn,2145,2
854,minneapolis-mn,4555,3
855,minneapolis-mn,3063,3
856,minneapolis-mn,2825,2
857,minneapolis-mn,9500,3
858,minneapolis-mn,2890,2
859,minneapolis-mn,2459,2
860,minneapolis-mn,3598,3
861,minneapolis-mn,1914,2
862,minneapolis-mn,5288,4
863,minneapolis-mn,2922,2
864,minneapolis-mn,1810,2
865,minneapolis-mn,2765,4
866,minneapolis-mn,1802,2
867,minneapolis-mn,1686,2
868,minneapolis-mn,1270,1
869,minneapolis-mn,1350,1
870,minneapolis-mn,1600,1
871,minneapolis-mn,1295,1
872,minneapolis-mn,2830,2
873,minneapolis-mn,1339,4
874,minneapolis-mn,2947,2
875,minneapolis-mn,2625,2
876,minneapolis-mn,1299,1
877,minneapolis-mn,1679,4
878,minneapolis-mn,1550,2
879,minneapolis-mn,3800,3
880,minneapolis-mn,2163,2
881,minneapolis-mn,3082,3
882,minneapolis-mn,2085,2
883,minneapolis-mn,2099,2
884,minneapolis-mn,2708,2
885,minneapolis-mn,1950,2
886,minneapolis-mn,4095,2
887,minneapolis-mn,2111,2
888,minneapolis-mn,2190,3
889,minneapolis-mn,2699,3
890,minneapolis-mn,3577,2
891,minneapolis-mn,1499,2
892,minneapolis-mn,3834,2
893,minneapolis-mn,3150,4
894,minneapolis-mn,1485,1
895,minneapolis-mn,1695,2
896,minneapolis-mn,1849,3
897,minneapolis-mn,1250,1
898,minneapolis-mn,1470,4
899,minneapolis-mn,1137,1
900,minneapolis-mn,1300,2
901,minneapolis-mn,1095,4
902,minneapolis-mn,915,4
903,minneapolis-mn,4038,2
904,minneapolis-mn,2482,2
905,minneapolis-mn,2145,2
906,minneapolis-mn,3400,4
907,minneapolis-mn,2349,2
908,minneapolis-mn,3475,5
909,minneapolis-mn,3090,2
910,minneapolis-mn,1650,1
911,minneapolis-mn,2950,2
912,minneapolis-mn,3515,2
913,minneapolis-mn,1350,1
914,minneapolis-mn,1450,2
915,minneapolis-mn,2250,2
916,minneapolis-mn,1190,1
917,minneapolis-mn,1015,4
918,minneapolis-mn,1700,3
919,minneapolis-mn,2172,2
920,minneapolis-mn,1350,2
921,minneapolis-mn,2400,3
922,minneapolis-mn,1239,2
923,minneapolis-mn,1995,2
924,minneapolis-mn,2000,2
925,minneapolis-mn,1736,2
926,minneapolis-mn,2750,2
927,minneapolis-mn,1995,2
928,minneapolis-mn,2650,4
929,minneapolis-mn,4359,2
930,minneapolis-mn,2195,2
931,minneapolis-mn,1375,2
932,minneapolis-mn,1620,1
933,minneapolis-mn,1375,2
934,minneapolis-mn,1180,2
935,minneapolis-mn,3250,2
936,minneapolis-mn,1350,2
937,minneapolis-mn,925,1
938,minneapolis-mn,895,1
939,minneapolis-mn,1400,2
940,minneapolis-mn,1180,2
941,minneapolis-mn,1500,2
942,minneapolis-mn,1125,2
943,minneapolis-mn,1200,2
944,minneapolis-mn,895,1
945,minneapolis-mn,2500,4
946,minneapolis-mn,1425,2
947,minneapolis-mn,1395,2
948,minneapolis-mn,950,1
949,minneapolis-mn,1652,1
950,minneapolis-mn,1200,2
951,minneapolis-mn,1150,2
952,minneapolis-mn,1199,1
953,minneapolis-mn,1100,2
954,minneapolis-mn,1535,2
955,minneapolis-mn,1100,2
956,minneapolis-mn,2472,2
957,minneapolis-mn,3750,3
958,minneapolis-mn,1120,2
959,minneapolis-mn,1250,2
960,minneapolis-mn,1300,2
961,tampa-fl,1750,3
962,tampa-fl,3122,3
963,tampa-fl,3044,3
964,tampa-fl,1800,3
965,tampa-fl,3692,3
966,tampa-fl,3285,2
967,tampa-fl,4314,3
968,tampa-fl,4520,2
969,tampa-fl,2722,2
970,tampa-fl,9505,3
971,tampa-fl,5210,2
972,tampa-fl,4755,3
973,tampa-fl,2920,3
974,tampa-fl,3790,3
975,tampa-fl,3855,3
976,tampa-fl,3137,3
977,tampa-fl,2842,3
978,tampa-fl,3641,2
979,tampa-fl,3490,2
980,tampa-fl,4844,3
981,tampa-fl,2664,2
982,tampa-fl,2135,3
983,tampa-fl,3300,4
984,tampa-fl,1790,2
985,tampa-fl,699,4
986,tampa-fl,1970,4
987,tampa-fl,1599,4
988,tampa-fl,899,4
989,tampa-fl,2474,3
990,tampa-fl,1805,2
991,tampa-fl,1379,2
992,tampa-fl,1228,4
993,tampa-fl,2604,3
994,tampa-fl,2688,3
995,tampa-fl,2285,2
996,tampa-fl,5180,3
997,tampa-fl,4694,3
998,tampa-fl,4331,3
999,tampa-fl,2216,3
1000,tampa-fl,2326,2
1001,tampa-fl,3315,2
1002,tampa-fl,890,4
1003,tampa-fl,2048,2
1004,tampa-fl,2373,3
1005,tampa-fl,1613,3
1006,tampa-fl,1900,3
1007,tampa-fl,3553,2
1008,tampa-fl,3650,2
1009,tampa-fl,1425,2
1010,tampa-fl,3152,3
1011,tampa-fl,1580,2
1012,tampa-fl,945,5
1013,tampa-fl,2400,4
1014,tampa-fl,5579,3
1015,tampa-fl,1125,4
1016,tampa-fl,1400,2
1017,tampa-fl,2275,4
1018,tampa-fl,1320,2
1019,tampa-fl,1097,2
1020,tampa-fl,1725,2
1021,tampa-fl,929,4
1022,tampa-fl,1537,2
1023,tampa-fl,1000,2
1024,tampa-fl,1700,3
1025,tampa-fl,1030,4
1026,tampa-fl,1140,2
1027,tampa-fl,1520,3
1028,tampa-fl,1162,3
1029,new-york-ny,7860,2
1030,new-york-ny,5500,2
1031,new-york-ny,14648,3
1032,new-york-ny,10354,3
1033,new-york-ny,8995,2
1034,new-york-ny,23250,4
1035,new-york-ny,7200,2
1036,new-york-ny,4350,1
1037,new-york-ny,6495,2
1038,new-york-ny,6205,2
1039,new-york-ny,7839,3
1040,new-york-ny,6617,3
1041,new-york-ny,8491,3
1042,new-york-ny,6170,3
1043,new-york-ny,5250,2
1044,new-york-ny,7455,2
1045,new-york-ny,7200,2
1046,new-york-ny,13150,4
1047,new-york-ny,7525,3
1048,new-york-ny,8995,2
1049,new-york-ny,9899,3
1050,new-york-ny,6695,2
1051,new-york-ny,6710,3
1052,new-york-ny,7395,2
1053,new-york-ny,7000,4
1054,new-york-ny,19500,4
1055,new-york-ny,23015,3
1056,new-york-ny,16190,4
1057,new-york-ny,7046,2
1058,new-york-ny,3010,1
1059,new-york-ny,12657,3
